<?xml version="1.0" encoding="UTF-8"?>
<beans xmlns="http://www.springframework.org/schema/beans"
       xmlns:xsi="http://www.w3.org/2001/XMLSchema-instance"
       xmlns:context="http://www.springframework.org/schema/context"
       xmlns:mvc="http://www.springframework.org/schema/mvc"
       xmlns:security="http://www.springframework.org/schema/security"
       xsi:schemaLocation="http://www.springframework.org/schema/mvc http://www.springframework.org/schema/mvc/spring-mvc.xsd
            http://www.springframework.org/schema/security http://www.springframework.org/schema/security/spring-security.xsd
            http://www.springframework.org/schema/beans http://www.springframework.org/schema/beans/spring-beans.xsd
            http://www.springframework.org/schema/context http://www.springframework.org/schema/context/spring-context.xsd">
    <security:http auto-config="true" use-expressions="true">
        <security:intercept-url pattern="/add" access="hasRole('ROLE_ADMIN')"/>   
        <security:form-login login-page="/login" default-target-url="/add" login-processing-url="/j_spring_security_check"
                             username-parameter="j_username" password-parameter="j_password" authentication-failure-url="/loginfailed"/>
        <security:logout logout-success-url="/" />
        
        <security:intercept-url pattern="/venda" access="hasRole('ROLE_USER')"/>
        <security:form-login login-page="/login" default-target-url="/venda" login-processing-url="/j_spring_security_check"
                             username-parameter="j_username" password-parameter="j_password" authentication-failure-url="/loginfailed"/>
        <security:logout logout-success-url="/" />
    </security:http>
    <security:authentication-manager>
        <security:authentication-provider>
            <security:user-service>
                <security:user name="admin" password="admin" authorities="ROLE_ADMIN"  />
                <security:user name="user" password="user" authorities="ROLE_USER"  />
            </security:user-service>
        </security:authentication-provider>
    </security:authentication-manager>
</beans>